dia;ejercicio;series;reps;peso;descanso;enlace;comentarios
Torso A;Press de pecho con goma;3;12-15;;1 minuto y medio;https://www.tiktok.com/@alejandrogimenoasesor/video/7153162629542939909?is_from_webapp=1&sender_device=pc;
Torso A;Remo con goma;3;12-15;;1 minuto y medio;https://www.tiktok.com/@tarastrainer/video/7483244053727825174?is_from_webapp=1&sender_device=pc;
Torso A;Press de hombro con goma;2;12-15;;1 minuto y medio;https://www.tiktok.com/@metodo.tritraining/video/7499149235812633878?is_from_webapp=1&sender_device=pc;
Torso A;Elevaciones laterales con goma;2;12-15;;1 minuto y medio;https://www.tiktok.com/@78trejo78fit/video/7348558420460506373?is_from_webapp=1&sender_device=pc;
Torso A;Curl de biceps con goma;2;12-15;;1 minuto y medio;https://www.tiktok.com/@78trejo78fit/video/7348547172238986501?is_from_webapp=1&sender_device=pc;Cuando hagas el curl de biceps, intenta pegar tu codo lo maximo posible a tu cadera de forma que tu brazo no se mueva hacia adelante y atras, lo mas recto posible
Torso A;Triceps con goma;2;12-15;;1 minuto y medio;https://www.tiktok.com/@alvarobernalalejandre/video/7207909297706126598?is_from_webapp=1&sender_device=pc;
Torso A;Dead bug;2;10-12/lado;;1 minuto y medio;https://www.tiktok.com/@benjazalez_coach/video/7389997205798522143?is_from_webapp=1&sender_device=pc;
Pierna A;Sentadilla con goma;3;12-15;;1 minuto y medio;https://www.tiktok.com/@78trejo78fit/video/7348550169194990854?is_from_webapp=1&sender_device=pc;
Pierna A;Hip thrust con goma;3;12-15;;1 minuto y medio;https://www.tiktok.com/@sergioorduzc/video/7135077540149955845?is_from_webapp=1&sender_device=pc;
Pierna A;Peso muerto rumano con goma;2;12-15;;1 minuto y medio;https://www.tiktok.com/@78trejo78fit/video/7348549214227516677?is_from_webapp=1&sender_device=pc;Cuando hagas peso muerto piensa en mover el culo, no la espalda
Pierna A;Extension de cuadriceps con goma;2;12-15;;1 minuto y medio;https://www.tiktok.com/@smilingdelacruz/video/7054163937566231813?is_from_webapp=1&sender_device=pc;
Pierna A;Curl femoral con goma;2;12-15;;1 minuto y medio;https://www.tiktok.com/@erneseduard/video/7187158302164339974?is_from_webapp=1&sender_device=pc;
Pierna A;Gemelo unilateral con goma;2;12-15;;1 minuto y medio;https://www.tiktok.com/@fit.activities/video/7304581861873945889?is_from_webapp=1&sender_device=pc;
Pierna A;Plancha;2;20/30 segundos;;1 minuto y medio;;
Torso B + Hiit(opcional);Flexiones inclinadas;3;8-15;;1 minuto y medio;https://www.tiktok.com/@soycesarborja/video/7580925580422565138?is_from_webapp=1&sender_device=pc;
Torso B + Hiit(opcional);Remo unilateral con goma;3;12-15/lado;;1 minuto y medio;https://www.tiktok.com/@andresfrancoach/video/7249861159937920261?is_from_webapp=1&sender_device=pc;
Torso B + Hiit(opcional);Pull over con goma;2;12-15;;1 minuto y medio;https://www.tiktok.com/@clenchfitness/video/7213559956077874478?is_from_webapp=1&sender_device=pc;
Torso B + Hiit(opcional);Elevaciones con goma;2;12-15;;1 minuto y medio;https://www.tiktok.com/@78trejo78fit/video/7348558420460506373?is_from_webapp=1&sender_device=pc;
Torso B + Hiit(opcional);Curl de biceps con goma;2;12-15;;1 minuto y medio;https://www.tiktok.com/@78trejo78fit/video/7348547172238986501?is_from_webapp=1&sender_device=pc;Cuando hagas el curl de biceps, intenta pegar tu codo lo maximo posible a tu cadera de forma que tu brazo no se mueva hacia adelante y atras, lo mas recto posible
Torso B + Hiit(opcional);Triceps con goma;2;12-15;;1 minuto y medio;https://www.tiktok.com/@coachij/video/7424177505042582826?is_from_webapp=1&sender_device=pc;Pilla la banda cerrando la puerta
Torso B + Hiit(opcional);Bird dog;2;10-12/lado;;1 minuto y medio;https://www.tiktok.com/@jbordonipf/video/7568130582652275989?is_from_webapp=1&sender_device=pc;
Pierna B;Sentadilla bulgara con goma;2;10-12/lado;;1 minuto y medio;https://www.tiktok.com/@pragthos/video/7628729078073298183?is_from_webapp=1&sender_device=pc;
Pierna B;Hip thrust con goma;3;12-15;;1 minuto y medio;https://www.tiktok.com/@sergioorduzc/video/7135077540149955845?is_from_webapp=1;
Pierna B;Peso muerto con goma;2;12-15;;1 minuto y medio;https://www.tiktok.com/@78trejo78fit/video/7348549214227516677?is_from_webapp=1&sender_device=pc;Cuando hagas peso muerto piensa en mover el culo, no la espalda
Pierna B;Curl femoral con goma;2;12-15;;1 minuto y medio;https://www.tiktok.com/@erneseduard/video/7187158302164339974?is_from_webapp=1;
Pierna B;Sentadilla con goma;2;12-15;;1 minuto y medio;https://www.tiktok.com/@78trejo78fit/video/7348550169194990854?is_from_webapp=1;
Pierna B;Gemelo unilateral con goma;2;12-15;;1 minuto y medio;https://www.tiktok.com/@fit.activities/video/7304581861873945889?is_from_webapp=1;
Pierna B;Crunch abdominal con goma;2;12-15;;1 minuto y medio;https://www.tiktok.com/@harambesystem/video/7553777484928486686?is_from_webapp=1;Pilla la banda cerrando la puerta